submission_pk,User,F1-Score,Accuracy,Precision,Recall
550191,Anonymous,0.901520 (1),0.943000 (1),0.908002 (1),0.895389 (2),
550209,Anonymous,0.901333 (2),0.942000 (2),0.901333 (2),0.901333 (1),
550488,Anonymous,0.869984 (3),0.928000 (3),0.895911 (3),0.849121 (3),
550688,Anonymous,0.851926 (4),0.918000 (5),0.876620 (5),0.832110 (4),
550694,Anonymous,0.850433 (5),0.920000 (4),0.893214 (4),0.820222 (5),
550226,Anonymous,0.817232 (6),0.901000 (6),0.849753 (6),0.793361 (6),
